Workbook

Sheet Ringkasan
B2: RINGKASAN AUDIT DATA AWAL
B3: Dataset: crime_incidents_messy.csv
B5: Metrik | C5: Nilai
B6: Jumlah Data (baris) | C6: =ROWS('Data Mentah'!A2:A5251) -> 5250
B7: Jumlah Kolom | C7: =COLUMNS('Data Mentah'!A1:AG1) -> 33
B8: Jumlah Baris Duplikat Penuh | C8: 200
B9: Jumlah incident_id Duplikat | C9: 200
B10: Total Sel Kosong (missing) | C10: =SUM('Missing Value'!C2:C34) -> 16478
B11: Total Sel Dataset | C11: =ROWS('Data Mentah'!A2:A5251)*COLUMNS('Data Mentah'!A1:AG1) -> 173250
B12: Persentase Missing Keseluruhan (%) | C12: =ROUND(C10/C11*100,2) -> 9.51
B13: Jumlah Kolom Mengandung Missing Value | C13: =COUNTIF('Missing Value'!C2:C34,">0") -> 24
B16: Catatan:
B17: Jumlah baris duplikat dihitung menggunakan df.duplicated().sum() pada Notebook Audit.ipynb, karena deteksi duplikat baris penuh (33 kolom) lebih efisien dilakukan di Python dibanding formula spreadsheet.

Sheet Missing Value
A1: No | B1: Kolom | C1: Jumlah Missing | D1: Persentase (%)
A2: 1 | B2: incident_id | C2: =COUNTBLANK('Data Mentah'!A2:A5251) -> 0 | D2: =ROUND(C2/ROWS('Data Mentah'!A2:A5251)*100,2) -> 0
A3: 2 | B3: crime_type | C3: =COUNTBLANK('Data Mentah'!B2:B5251) -> 0 | D3: =ROUND(C3/ROWS('Data Mentah'!A2:A5251)*100,2) -> 0
A4: 3 | B4: district | C4: =COUNTBLANK('Data Mentah'!C2:C5251) -> 0 | D4: =ROUND(C4/ROWS('Data Mentah'!A2:A5251)*100,2) -> 0
A5: 4 | B5: city | C5: =COUNTBLANK('Data Mentah'!D2:D5251) -> 0 | D5: =ROUND(C5/ROWS('Data Mentah'!A2:A5251)*100,2) -> 0
A6: 5 | B6: state | C6: =COUNTBLANK('Data Mentah'!E2:E5251) -> 0 | D6: =ROUND(C6/ROWS('Data Mentah'!A2:A5251)*100,2) -> 0
A7: 6 | B7: address | C7: =COUNTBLANK('Data Mentah'!F2:F5251) -> 0 | D7: =ROUND(C7/ROWS('Data Mentah'!A2:A5251)*100,2) -> 0
A8: 7 | B8: latitude | C8: =COUNTBLANK('Data Mentah'!G2:G5251) -> 258 | D8: =ROUND(C8/ROWS('Data Mentah'!A2:A5251)*100,2) -> 4.91
A9: 8 | B9: longitude | C9: =COUNTBLANK('Data Mentah'!H2:H5251) -> 289 | D9: =ROUND(C9/ROWS('Data Mentah'!A2:A5251)*100,2) -> 5.5
A10: 9 | B10: incident_datetime | C10: =COUNTBLANK('Data Mentah'!I2:I5251) -> 340 | D10: =ROUND(C10/ROWS('Data Mentah'!A2:A5251)*100,2) -> 6.48
A11: 10 | B11: officer_id | C11: =COUNTBLANK('Data Mentah'!J2:J5251) -> 0 | D11: =ROUND(C11/ROWS('Data Mentah'!A2:A5251)*100,2) -> 0
A12: 11 | B12: officer_first_name | C12: =COUNTBLANK('Data Mentah'!K2:K5251) -> 0 | D12: =ROUND(C12/ROWS('Data Mentah'!A2:A5251)*100,2) -> 0
A13: 12 | B13: officer_last_name | C13: =COUNTBLANK('Data Mentah'!L2:L5251) -> 0 | D13: =ROUND(C13/ROWS('Data Mentah'!A2:A5251)*100,2) -> 0
A14: 13 | B14: badge_number | C14: =COUNTBLANK('Data Mentah'!M2:M5251) -> 312 | D14: =ROUND(C14/ROWS('Data Mentah'!A2:A5251)*100,2) -> 5.94
A15: 14 | B15: suspect_id | C15: =COUNTBLANK('Data Mentah'!N2:N5251) -> 810 | D15: =ROUND(C15/ROWS('Data Mentah'!A2:A5251)*100,2) -> 15.43
A16: 15 | B16: suspect_first_name | C16: =COUNTBLANK('Data Mentah'!O2:O5251) -> 810 | D16: =ROUND(C16/ROWS('Data Mentah'!A2:A5251)*100,2) -> 15.43
A17: 16 | B17: suspect_last_name | C17: =COUNTBLANK('Data Mentah'!P2:P5251) -> 810 | D17: =ROUND(C17/ROWS('Data Mentah'!A2:A5251)*100,2) -> 15.43
A18: 17 | B18: suspect_age | C18: =COUNTBLANK('Data Mentah'!Q2:Q5251) -> 1097 | D18: =ROUND(C18/ROWS('Data Mentah'!A2:A5251)*100,2) -> 20.9
A19: 18 | B19: suspect_gender | C19: =COUNTBLANK('Data Mentah'!R2:R5251) -> 1413 | D19: =ROUND(C19/ROWS('Data Mentah'!A2:A5251)*100,2) -> 26.91
A20: 19 | B20: suspect_race | C20: =COUNTBLANK('Data Mentah'!S2:S5251) -> 1601 | D20: =ROUND(C20/ROWS('Data Mentah'!A2:A5251)*100,2) -> 30.5
A21: 20 | B21: victim_id | C21: =COUNTBLANK('Data Mentah'!T2:T5251) -> 257 | D21: =ROUND(C21/ROWS('Data Mentah'!A2:A5251)*100,2) -> 4.9
A22: 21 | B22: victim_first_name | C22: =COUNTBLANK('Data Mentah'!U2:U5251) -> 257 | D22: =ROUND(C22/ROWS('Data Mentah'!A2:A5251)*100,2) -> 4.9
A23: 22 | B23: victim_last_name | C23: =COUNTBLANK('Data Mentah'!V2:V5251) -> 257 | D23: =ROUND(C23/ROWS('Data Mentah'!A2:A5251)*100,2) -> 4.9
A24: 23 | B24: victim_age | C24: =COUNTBLANK('Data Mentah'!W2:W5251) -> 562 | D24: =ROUND(C24/ROWS('Data Mentah'!A2:A5251)*100,2) -> 10.7
A25: 24 | B25: victim_gender | C25: =COUNTBLANK('Data Mentah'!X2:X5251) -> 1000 | D25: =ROUND(C25/ROWS('Data Mentah'!A2:A5251)*100,2) -> 19.05
A26: 25 | B26: victim_phone | C26: =COUNTBLANK('Data Mentah'!Y2:Y5251) -> 1056 | D26: =ROUND(C26/ROWS('Data Mentah'!A2:A5251)*100,2) -> 20.11
A27: 26 | B27: weapon_used | C27: =COUNTBLANK('Data Mentah'!Z2:Z5251) -> 970 | D27: =ROUND(C27/ROWS('Data Mentah'!A2:A5251)*100,2) -> 18.48
A28: 27 | B28: severity | C28: =COUNTBLANK('Data Mentah'!AA2:AA5251) -> 355 | D28: =ROUND(C28/ROWS('Data Mentah'!A2:A5251)*100,2) -> 6.76
A29: 28 | B29: case_status | C29: =COUNTBLANK('Data Mentah'!AB2:AB5251) -> 731 | D29: =ROUND(C29/ROWS('Data Mentah'!A2:A5251)*100,2) -> 13.92
A30: 29 | B30: resolution | C30: =COUNTBLANK('Data Mentah'!AC2:AC5251) -> 951 | D30: =ROUND(C30/ROWS('Data Mentah'!A2:A5251)*100,2) -> 18.11
A31: 30 | B31: num_arrests | C31: =COUNTBLANK('Data Mentah'!AD2:AD5251) -> 333 | D31: =ROUND(C31/ROWS('Data Mentah'!A2:A5251)*100,2) -> 6.34
A32: 31 | B32: property_loss_usd | C32: =COUNTBLANK('Data Mentah'!AE2:AE5251) -> 436 | D32: =ROUND(C32/ROWS('Data Mentah'!A2:A5251)*100,2) -> 8.3
A33: 32 | B33: reported_online | C33: =COUNTBLANK('Data Mentah'!AF2:AF5251) -> 504 | D33: =ROUND(C33/ROWS('Data Mentah'!A2:A5251)*100,2) -> 9.6
A34: 33 | B34: notes | C34: =COUNTBLANK('Data Mentah'!AG2:AG5251) -> 1069 | D34: =ROUND(C34/ROWS('Data Mentah'!A2:A5251)*100,2) -> 20.36

Sheet Tipe Data
A1: No | B1: Kolom | C1: Tipe Data (pandas) | D1: Jumlah Non-Null | E1: Keterangan
A2: 1 | B2: incident_id | C2: str | D2: =COUNTA('Data Mentah'!A2:A5251) -> 5250
A3: 2 | B3: crime_type | C3: str | D3: =COUNTA('Data Mentah'!B2:B5251) -> 5250
A4: 3 | B4: district | C4: str | D4: =COUNTA('Data Mentah'!C2:C5251) -> 5250
A5: 4 | B5: city | C5: str | D5: =COUNTA('Data Mentah'!D2:D5251) -> 5250
A6: 5 | B6: state | C6: str | D6: =COUNTA('Data Mentah'!E2:E5251) -> 5250
A7: 6 | B7: address | C7: str | D7: =COUNTA('Data Mentah'!F2:F5251) -> 5250
A8: 7 | B8: latitude | C8: float64 | D8: =COUNTA('Data Mentah'!G2:G5251) -> 4992
A9: 8 | B9: longitude | C9: float64 | D9: =COUNTA('Data Mentah'!H2:H5251) -> 4961
A10: 9 | B10: incident_datetime | C10: str | D10: =COUNTA('Data Mentah'!I2:I5251) -> 4910 | E10: Perlu dikonversi ke datetime; format tanggal pada data mentah tidak seragam
A11: 10 | B11: officer_id | C11: str | D11: =COUNTA('Data Mentah'!J2:J5251) -> 5250
A12: 11 | B12: officer_first_name | C12: str | D12: =COUNTA('Data Mentah'!K2:K5251) -> 5250
A13: 12 | B13: officer_last_name | C13: str | D13: =COUNTA('Data Mentah'!L2:L5251) -> 5250
A14: 13 | B14: badge_number | C14: float64 | D14: =COUNTA('Data Mentah'!M2:M5251) -> 4938
A15: 14 | B15: suspect_id | C15: str | D15: =COUNTA('Data Mentah'!N2:N5251) -> 4440
A16: 15 | B16: suspect_first_name | C16: str | D16: =COUNTA('Data Mentah'!O2:O5251) -> 4440
A17: 16 | B17: suspect_last_name | C17: str | D17: =COUNTA('Data Mentah'!P2:P5251) -> 4440
A18: 17 | B18: suspect_age | C18: float64 | D18: =COUNTA('Data Mentah'!Q2:Q5251) -> 4153
A19: 18 | B19: suspect_gender | C19: str | D19: =COUNTA('Data Mentah'!R2:R5251) -> 3837
A20: 19 | B20: suspect_race | C20: str | D20: =COUNTA('Data Mentah'!S2:S5251) -> 3649
A21: 20 | B21: victim_id | C21: str | D21: =COUNTA('Data Mentah'!T2:T5251) -> 4993
A22: 21 | B22: victim_first_name | C22: str | D22: =COUNTA('Data Mentah'!U2:U5251) -> 4993
A23: 22 | B23: victim_last_name | C23: str | D23: =COUNTA('Data Mentah'!V2:V5251) -> 4993
A24: 23 | B24: victim_age | C24: float64 | D24: =COUNTA('Data Mentah'!W2:W5251) -> 4688
A25: 24 | B25: victim_gender | C25: str | D25: =COUNTA('Data Mentah'!X2:X5251) -> 4250
A26: 25 | B26: victim_phone | C26: str | D26: =COUNTA('Data Mentah'!Y2:Y5251) -> 4194
A27: 26 | B27: weapon_used | C27: str | D27: =COUNTA('Data Mentah'!Z2:Z5251) -> 4280
A28: 27 | B28: severity | C28: str | D28: =COUNTA('Data Mentah'!AA2:AA5251) -> 4895 | E28: Bercampur antara angka (1-4) dan teks (Low/Medium/High/Critical)
A29: 28 | B29: case_status | C29: str | D29: =COUNTA('Data Mentah'!AB2:AB5251) -> 4519
A30: 29 | B30: resolution | C30: str | D30: =COUNTA('Data Mentah'!AC2:AC5251) -> 4299
A31: 30 | B31: num_arrests | C31: float64 | D31: =COUNTA('Data Mentah'!AD2:AD5251) -> 4917
A32: 31 | B32: property_loss_usd | C32: str | D32: =COUNTA('Data Mentah'!AE2:AE5251) -> 4814 | E32: Seharusnya numerik (float), masih tersimpan sebagai teks/object karena format tidak konsisten
A33: 32 | B33: reported_online | C33: str | D33: =COUNTA('Data Mentah'!AF2:AF5251) -> 4746 | E33: Bercampur antara True/False, Yes/No, dan 1/0
A34: 33 | B34: notes | C34: str | D34: =COUNTA('Data Mentah'!AG2:AG5251) -> 4181

Sheet Duplicate
B2: PEMERIKSAAN DATA DUPLIKAT
B4: Jumlah baris duplikat penuh (df.duplicated().sum()) | D4: 200
B5: Jumlah incident_id duplikat | D5: 200
B7: Contoh incident_id yang terduplikasi:
B8: No | C8: incident_id
B9: 1 | C9: INC000008
B10: 2 | C10: INC000015
B11: 3 | C11: INC000016
B12: 4 | C12: INC000019
B13: 5 | C13: INC000024
B14: 6 | C14: INC000027
B15: 7 | C15: INC000043
B16: 8 | C16: INC000050
B17: 9 | C17: INC000052
B18: 10 | C18: INC000055
B19: 11 | C19: INC000067
B20: 12 | C20: INC000081
... B23: 15 | C23: INC000133

Sheet Permasalahan Ditemukan
B2: PERMASALAHAN YANG DITEMUKAN
A4: No | B4: Kolom | C4: Permasalahan | D4: Jumlah/Detail
A5: 1 | B5: crime_type | C5: 182 nilai unik mentah; masih 68 kategori setelah normalisasi huruf kecil & spasi (singkatan & typo berbeda, mis. 'B&E' vs 'Breaking & Entering', 'DV' vs 'Domestic Violence', 'Homocide') | D5: 182 → 68 kategori
A6: 2 | B6: district | C6: 131 nilai unik mentah; masih 16 kategori setelah normalisasi (singkatan seperti 'nor', 'sou', 'mid', 'cen', 'wes') | D6: 131 → 16 kategori
A7: 3 | B7: severity | C7: Bercampur format angka (1-4) dan teks (Low/Medium/High/Critical) dengan variasi huruf besar/kecil dan singkatan (Med, Crit) | D7: 15 variasi nilai
A8: 4 | B8: case_status | C8: Variasi huruf besar/kecil dan typo (mis. 'Investgation', 'Pendng') | D8: 13 variasi nilai
A9: 5 | B9: resolution | C9: Variasi penulisan (mis. 'Arres Made' vs 'Arrest Made') | D9: 10 variasi nilai
A10: 6 | B10: reported_online | C10: Bercampur representasi boolean: True/False, Yes/No, 1/0 | D10: 11 variasi nilai
A11: 7 | B11: weapon_used | C11: Variasi huruf besar/kecil (mis. 'KNIFE' vs 'Knife' vs 'knife') | D11: 14 variasi nilai
A12: 8 | B12: suspect_gender / victim_gender | C12: Variasi huruf besar/kecil dan singkatan (M/F vs Male/Female) | D12: 13 variasi nilai per kolom
A13: 9 | B13: suspect_race | C13: Variasi huruf besar/kecil (mis. 'White' vs 'white') | D13: 11 variasi nilai
A14: 10 | B14: suspect_age | C14: Terdapat nilai negatif dan nilai di atas 120 tahun (tidak logis) | D14: 173 negatif, 160 nilai >120
A15: 11 | B15: victim_age | C15: Terdapat nilai negatif dan nilai di atas 120 tahun (tidak logis) | D15: 223 negatif, 185 nilai >120
A16: 12 | B16: num_arrests | C16: Terdapat nilai negatif (tidak logis untuk jumlah penangkapan) | D16: 184 baris
... A19: 15 | B19: incident_datetime | C19: Tiga format tanggal berbeda tercampur dalam satu kolom | D19: ISO datetime, DD-MM-YYYY, MM/DD/YYYY HH:MM

Sheet Data Mentah
A1: incident_id | B1: crime_type | C1: district | D1: city | E1: state | F1: address | G1: latitude | H1: longitude | I1: incident_datetime | J1: officer_id | K1: officer_first_name | L1: officer_last_name | M1: badge_number | N1: suspect_id | O1: suspect_first_name | P1: suspect_last_name | Q1: suspect_age | R1: suspect_gender | S1: suspect_race | T1: victim_id | U1: victim_first_name | V1: victim_last_name | W1: victim_age | X1: victim_gender | Y1: victim_phone | Z1: weapon_used | AA1: severity | AB1: case_status | AC1: resolution | AD1: num_arrests | AE1: property_loss_usd | AF1: reported_online | AG1: notes
A2: INC001115 | B2: asslt | C2: Sou | D2: Maplewood | E2: GA | F2: 2830 Cedar Lane | G2: 170.2841 | H2: -77.50071 | I2: 2024-04-16 08:45:03 | J2: OFF0078 | K2: Emily | L2: Davis | M2: 1342 | N2: SUS00281 | O2: Barbara | P2: Thomas | Q2: 51 | R2: MALE | S2: asian | T2: VIC00642 | U2: Robert | V2: Torres | W2: 51 | X2: Unknown | Y2: 6223265920 | Z2: Firearm | AA2: 2 | AB2: Open | AC2: No Arrest | AF2: True | AG2: Incident at 2830 Cedar Lane. Officer responded at scene.
A3: INC004706 | B3: burglary | C3: southeast | D3: Maplewood | E3: OH | F3: 2361 Park Rd | G3: 29.422717 | H3: -77.167016 | I3: 2022-01-11 22:03:29 | J3: OFF0059 | K3: Michelle | L3: Green | M3: 5133 | N3: SUS00376 | O3: Barbara | P3: Harris | Q3: -28 | R3: Other | S3: Black | T3: VIC00262 | U3: John | V3: Martin | W3: 231 | Y3: 241-973-4826 | Z3: Firearm | AA3: 3 | AD3: 2 | AE3: 44839.49 | AF3: yes | AG3: Incident at 2361 Park Rd. Officer responded at scene.
A4: INC002249 | B4: Homocide | C4: Southwest | D4: Lakewood | E4: AZ | F4: 1067 Main St | G4: 39.41146 | H4: -98.615298 | I4: 2022-04-14 11:39:24 | J4: OFF0088 | K4: Michael | L4: White | M4: 7781 | N4: SUS00560 | O4: Richard | P4: Scott | Q4: 19 | R4: F | S4: asian | T4: VIC00518 | U4: Richard | V4: Hill | W4: 29 | X4: Other | Y4: 244-584-7696 | Z4: KNIFE | AA4: 1 | AB4: CLOSED | AC4: warning | AD4: 2 | AE4: 15963.38 | AF4: YES | AG4: Incident at 1067 Main St. Officer responded at scene.
A5: INC000021 | B5: Property Damage | C5: Cen | D5: Springfield | E5: AZ | F5: 4713 Washington Ave | G5: 28.633439 | H5: -99.030051 | I5: 2020-12-09 15:14:24 | J5: OFF0077 | K5: Chris | L5: Jackson | M5: 5097 | N5: SUS00468 | O5: Michael | P5: Thomas | Q5: 262 | R5: MALE | S5: Black | T5: VIC00243 | U5: Susan | V5: Young | W5: 243 | Y5: 5021227484 | Z5: hands | AA5: Low | AB5: Resolved | AD5: 5 | AE5: 48680.14 | AF5: False | AG5: Incident at 4713 Washington Ave. Officer responded at scene.
A6: INC000488 | B6: Domestc Violence | C6: North | D6: Lakewood | E6: PA | F6: 1371 River Rd | G6: 34.21785 | H6: -121.61473 | I6: 2021-07-24 20:08:13 | J6: OFF0083 | K6: Susan | L6: Flores | M6: 6220 | N6: SUS00751 | O6: Thomas | P6: Jackson | Q6: 75 | R6: female | S6: white | T6: VIC00512 | U6: Thomas | V6: Thomas | W6: 51 | X6: M | Y6: 9698766873 | Z6: Unarmed | AA6: MEDIUM | AB6: Closed | AC6: Warning Issued | AD6: 2 | AE6: 23513.01 | AF6: YES
A7: INC000661 | B7: Breaking & Entering | C7: East | D7: Hillcrest | E7: CA | F7: 3551 Elm Blvd | G7: 44.438603 | H7: -101.77512 | I7: 05-03-2020 | J7: OFF0089 | K7: Jennifer | L7: Green | M7: 7082 | N7: SUS00454 | O7: James | P7: Lee | Q7: 73 | S7: White | T7: VIC00473 | U7: Anthony | V7: Wilson | W7: 15 | Y7: 590-332-6488 | Z7: Blunt Object | AA7: high | AB7: under investigation | AC7: arrest made | AD7: 1 | AF7: YES | AG7: Incident at 3551 Elm Blvd. Officer responded at scene.
A8: INC001727 | B8: robbery | C8: southeast | D8: Maplewood | E8: TX | F8: 7394 Cedar Lane | G8: 38.525825 | H8: -90.100219 | I8: 2021-10-03 05:17:02 | J8: OFF0141 | K8: Jennifer | L8: Harris | M8: 7747 | N8: SUS00623 | O8: Carol | P8: Harris | Q8: 58 | R8: Female | S8: Unknown | T8: VIC00429 | U8: Mary | V8: Walker | W8: 72 | X8: female | Y8: 431-579-6170 | Z8: Blunt Object | AB8: CLOSED | AC8: warning | AD8: 3 | AF8: YES | AG8: Incident at 7394 Cedar Lane. Officer responded at scene.
A9: INC003981 | B9: manslaughter | C9: midtown | D9: Centerville | E9: IL | F9: 1610 River Rd | G9: 46.854678 | H9: -99.512808 | I9: 2023-09-30 14:49:01 | J9: OFF0008 | K9: Karen | L9: Hall | M9: 7869 | N9: SUS00533 | O9: Jennifer | P9: Taylor | Q9: 73 | R9: MALE | S9: White | T9: VIC00904 | U9: David | V9: Torres | X9: female | Y9: 587-505-1798 | AA9: 1 | AB9: open | AC9: No Arrest | AD9: 2 | AE9: 19075.36 | AF9: no | AG9: Incident at 1610 River Rd. Officer responded at scene.
A10: INC001205 | B10: B&E | C10: East | D10: Centerville | E10: OH | F10: 378 Oak Ave | G10: 38.869063 | H10: -114.38575 | I10: 2021-01-22 02:37:24 | J10: OFF0034 | K10: Daniel | L10: Jackson | M10: 8229 | N10: SUS00320 | O10: Robert | P10: Hill | Q10: 26 | R10: m | S10: Hispanic | T10: VIC00093 | U10: Mary | V10: Lee | W10: 55 | X10: Other | Y10: 3956212676 | Z10: hands | AA10: Crit | AB10: under investigation | AC10: warning | AD10: 0 | AE10: 34452.47 | AF10: yes | AG10: Incident at 378 Oak Ave. Officer responded at scene.
A11: INC000972 | B11: Homocide | C11: northeast | D11: Riverside | E11: IL | F11: 8974 Park Rd | G11: 42.018768 | H11: -72.384742 | I11: 2021-03-29 04:16:18 | J11: OFF0093 | K11: Mary | L11: Thompson | M11: 7242 | T11: VIC00859 | U11: Michelle | V11: Hill | W11: 10 | Y11: 376-440-3132 | Z11: Rifle | AA11: 2 | AB11: Investgation | AD11: 5 | AE11: 35339.52
A12: INC002898 | B12: Property Damage | C12: CENTRAL | D12: Oakdale | E12: NY | F12: 9798 Elm Blvd | G12: 36.632099 | H12: -104.1963 | I12: 2020-03-03 06:46:12 | J12: OFF0035 | K12: John | L12: Jones | M12: 9036 | N12: SUS00005 | O12: Ashley | P12: Harris | Q12: 49 | R12: FEMALE | S12: BLACK | T12: VIC00682 | U12: Mark | V12: Young | W12: 47 | Y12: 596-444-9767 | AA12: High | AB12: Under Investigation | AD12: 0 | AE12: 27438.67 | AF12: False | AG12: Incident at 9798 Elm Blvd. Officer responded at scene.
A13: INC003264 | B13: Narcotics | C13: central | D13: Fairview | E13: AZ | F13: 8650 Elm Blvd | G13: 46.424282 | H13: -120.99668 | I13: 2018-09-09 02:11:36 | J13: OFF0111 | K13: Donna | L13: Thompson | M13: 4688 | T13: VIC00084 | U13: Anthony | V13: Nguyen | W13: 35 | X13: Unknown | Y13: 855-624-8658 | Z13: Bat | AA13: low | AB13: OPEN | AD13: -5 | AE13: 41738.8 | AF13: Yes
A14: INC003052 | B14: Burglry | C14: Eas | D14: Hillcrest | E14: OH | F14: 5420 River Rd | G14: 47.020966 | H14: -83.072251 | I14: 2020-07-04 13:31:15 | J14: OFF0104 | K14: James | L14: Taylor | N14: SUS00783 | O14: Anthony | P14: Martin | Q14: 33 | R14: M | S14: Asian | T14: VIC00960 | U14: Mark | V14: Taylor | W14: 55 | X14: male | Y14: 832-278-8736 | Z14: Rifle | AA14: Critical | AC14: warning | AD14: 2 | AE14: -34291.84 | AF14: No | AG14: Incident at 5420 River Rd. Officer responded at scene.
A15: INC000524 | B15: THEFT | C15: Northeast | D15: Centerville | E15: FL | F15: 6121 Oak Ave | G15: 44.872436 | H15: -106.85205 | I15: 2023-07-30 09:05:34 | J15: OFF0014 | K15: Joseph | L15: Smith | M15: 4335 | N15: SUS00236 | O15: Thomas | P15: Jones | Q15: 162 | R15: female | S15: hispanic | T15: VIC00569 | U15: Robert | V15: Scott | W15: -41 | X15: male | Y15: 655-760-3556 | Z15: Knife | AA15: 4 | AB15: Resolved | AD15: 2 | AE15: 3201.56 | AF15: 1 | AG15: Incident at 6121 Oak Ave. Officer responded at scene.
A16: INC000560 | B16: Fraudulent Activity | C16: midtown | D16: Centerville | E16: OH | F16: 5094 Main St | G16: 28.121432 | H16: -84.979481 | I16: 04/01/2020 03:09 | J16: OFF0046 | K16: Donna | L16: Thompson | M16: 8121 | N16: SUS00074 | O16: Daniel | P16: Thompson | Q16: 52 | R16: Other | S16: white | T16: VIC00821 | U16: Barbara | V16: Johnson | W16: 26 | X16: M | Z16: Pistol | AA16: 3 | AC16: warning | AD16: 3 | AE16: 37228.41 | AF16: 1 | AG16: Incident at 5094 Main St. Officer responded at scene.
A17: INC000812 | B17: Drug Offense | C17: Nor | D17: Riverside | E17: CA | F17: 5556 River Rd | G17: 47.561353 | H17: -85.069404 | I17: 2020-11-26 07:15:19 | J17: OFF0133 | K17: emily | L17: Nguyen | M17: 8079 | N17: SUS00606 | O17: Chris | P17: Garcia | Q17: 21 | R17: m | S17: Asian | T17: VIC00071 | U17: Daniel | V17: Jackson | W17: 82 | X17: female | Y17: 628-122-3246 | Z17: Blunt Object | AA17: High | AB17: OPEN | AC17: NO ARREST | AE17: 41473.0 | AF17: YES
A18: INC003999 | B18: Armed Robbery | C18: Southeast | D18: Centerville | E18: PA | F18: 6637 Lincoln St | G18: 25.262347 | H18: -73.445871 | I18: 2021-11-05 17:21:18 | J18: OFF0097 | K18: Ashley | L18: Davis | M18: 6651 | N18: SUS00776 | O18: Joseph | P18: Brown | Q18: 18 | R18: male | S18: BLACK | T18: VIC00676 | U18: Linda | V18: Nguyen | X18: Female | Y18: 897-102-9006 | Z18: Knife | AB18: Pendng | AD18: 3 | AF18: 1 | AG18: Incident at 6637 Lincoln St. Officer responded at scene.
A19: INC003972 | B19: Arsen | C19: SOUTHWEST | D19: Centerville | E19: IL | F19: 3221 Cedar Lane | G19: 25.80811 | H19: -106.36895 | I19: 2022-10-07 17:15:25 | J19: OFF0141 | K19: Charles | L19: Nguyen | M19: 7634 | T19: VIC00846 | U19: Donna | V19: Jackson | W19: 82 | X19: F | Y19: 924-985-8530 | AA19: CRITICAL | AB19: Pending | AC19: Warning Issued | AD19: 4 | AF19: yes | AG19: Incident at 3221 Cedar Lane. Officer responded at scene.
A20: INC000949 | B20: Abduction | C20: North | D20: Maplewood | E20: CA | F20: 5783 Main St | G20: 40.614362 | H20: -80.606867 | I20: 2024-11-23 19:30:48 | J20: OFF0020 | K20: Susan | L20: Walker | M20: 2599 | N20: SUS00636 | O20: Richard | P20: Wright | Q20: 57 | T20: VIC00228 | U20: Mary | V20: Walker | W20: 49 | X20: MALE | AA20: Medium | AC20: No Arrest | AD20: 2 | AE20: 31931.65 | AG20: Incident at 5783 Main St. Officer responded at scene.
A21: INC002839 | B21: Graffiti | C21: East | D21: Hillcrest | E21: FL | F21: 5563 Lincoln St | G21: 31.366741 | H21: -81.476181 | I21: 2018-08-26 04:50:54 | J21: OFF0050 | K21: John | L21: Smith | M21: 9830 | N21: SUS00294 | O21: Michael | P21: Jones | Q21: 51 | R21: F | S21: Hispanic | T21: VIC00850 | U21: David | V21: Williams | X21: m | Z21: Bat | AA21: 2 | AB21: Closed | AC21: Warning Issued | AD21: 0 | AE21: 6546.79 | AG21: Incident at 5563 Lincoln St. Officer responded at scene.
A22: INC002859 | B22: Trespass | C22: Mid | D22: Maplewood | E22: PA | F22: 1522 Lincoln St | G22: 43.213574 | H22: -112.53265 | I22: 2019-10-15 08:23:45 | J22: OFF0020 | K22: Joseph | L22: Walker | M22: 6621 | N22: SUS00207 | O22: Mary | P22: Brown | Q22: 42 | R22: Female | S22: Hispanic | T22: VIC00225 | U22: Patricia | V22: Green | W22: 12 | X22: MALE | Y22: 527-108-7397 | Z22: Knife | AA22: low | AB22: closed | AC22: Dismissed | AD22: 5 | AE22: 26845.31 | AF22: 1 | AG22: Incident at 1522 Lincoln St. Officer responded at scene.
A23: INC004651 | B23: CYBER CRIME | C23: EAST | D23: Oakdale | E23: OH | F23: 3806 Washington Ave | G23: 39.701184 | H23: 60.9112 | I23: 2020-03-20 14:28:36 | J23: OFF0059 | K23: Sarah | L23: Martin | M23: 5314 | N23: SUS00385 | O23: James | P23: Young | Q23: 35 | R23: Male | S23: BLACK | T23: VIC00777 | U23: Donna | V23: Young | W23: 55 | X23: f | Y23: 701-395-6824 | Z23: firearm | AA23: 4 | AB23: Open | AC23: warning | AD23: 3 | AE23: 2167.35 | AF23: no | AG23: Incident at 3806 Washington Ave. Officer responded at scene.
A24: INC003793 | B24: Armed Robbery | C24: South | D24: Lakewood | E24: CA | F24: 3852 River Rd | G24: 35.044905 | H24: -83.999129 | I24: 2019-01-04 05:16:46 | J24: OFF0064 | K24: Jessica | L24: Walker | M24: 9763 | N24: SUS00630 | O24: Donna | P24: Harris | R24: male | S24: BLACK | T24: VIC00208 | U24: Richard | V24: Anderson | X24: Male | Z24: Gun | AA24: MEDIUM | AB24: under investigation | AC24: Arrest Made | AD24: 3 | AE24: 38573.92 | AF24: NO | AG24: Incident at 3852 River Rd. Officer responded at scene.
A25: INC004688 | B25: trespassing | C25: Wes | D25: Lakewood | E25: PA | F25: 1550 Sunset Blvd | G25: 25.112438 | H25: -97.442801 | I25: 2021-08-28 15:30:49 | J25: OFF0094 | K25: Anthony | L25: Moore | M25: 2483 | N25: SUS00220 | O25: Robert | P25: Wright | Q25: 58 | R25: Other | S25: Unknown | T25: VIC00521 | U25: Mark | V25: Harris | W25: 33 | X25: f | Y25: 294-211-8872 | Z25: Bat | AA25: Med | AB25: Open | AC25: Arres Made | AD25: 1 | AE25: 8534.94 | AF25: True | AG25: Incident at 1550 Sunset Blvd. Officer responded at scene.
A26: INC003745 | B26: asslt | C26: Central | D26: Riverside | E26: NY | F26: 2767 River Rd | G26: 28.234244 | I26: 2018-01-24 15:33:18 | J26: OFF0018 | K26: James | L26: Lee | M26: 5491 | N26: SUS00769 | O26: Donna | P26: Thompson | Q26: 54 | R26: Unknown | S26: white | T26: VIC00116 | U26: Thomas | V26: Miller | W26: 74 | X26: FEMALE | Y26: 762-638-3161 | Z26: firearm | AA26: Low | AB26: Resolved | AC26: Arrest Made | AD26: 2 | AE26: 24970.35 | AF26: 0 | AG26: Incident at 2767 River Rd. Officer responded at scene.
A27: INC002571 | B27: Sexual Assault | C27: North | D27: Centerville | E27: AZ | F27: 4669 Washington Ave | G27: 25.148272 | H27: -93.057116 | I27: 2023-05-28 05:34:09 | J27: OFF0144 | K27: Michelle | L27: Flores | M27: 4616 | N27: SUS00376 | O27: James | P27: Thompson | Q27: 61 | R27: male | S27: Hispanic | T27: VIC00147 | U27: Susan | V27: Nguyen | W27: 292 | X27: Other | Z27: Knife | AD27: 3 | AF27: No | AG27: Incident at 4669 Washington Ave. Officer responded at scene.
A28: INC002592 | B28: FRAUD | C28: midtown | D28: Riverside | E28: PA | F28: 3360 Sunset Blvd | G28: 25.974863 | H28: -96.956091 | I28: 2020-08-15 12:17:24 | J28: OFF0082 | K28: Anthony | L28: Thompson | M28: 4313 | N28: SUS00733 | O28: Karen | P28: Green | Q28: 58 | R28: Female | S28: Black | T28: VIC00333 | U28: Barbara | V28: Johnson | W28: 64 | X28: m | Y28: (806) -68-2-4246 | Z28: Blunt Object | AA28: 2 | AB28: Closed | AC28: warning | AD28: 3 | AF28: NO | AG28: Incident at 3360 Sunset Blvd. Officer responded at scene.
A29: INC003754 | B29: theft/larceny | C29: Sou | D29: Maplewood | E29: FL | F29: 120 Oak Ave | G29: 34.995351 | H29: -74.532818 | I29: 2020-05-17 13:46:21 | J29: OFF0017 | K29: EMILY | L29: Brown | M29: 2857 | N29: SUS00615 | O29: Jennifer | P29: Martin | Q29: 57 | R29: MALE | S29: asian | T29: VIC00223 | U29: David | V29: Hill | W29: 41 | X29: MALE | Y29: 771-406-4573 | AA29: 4 | AB29: Pending | AC29: No Arrest | AD29: 0 | AE29: 483.77 | AF29: Yes | AG29: Incident at 120 Oak Ave. Officer responded at scene.
A30: INC003891 | B30: Narcotics | C30: Eas | D30: Centerville | E30: OH | F30: 393 Elm Blvd | G30: 108.6542 | H30: -89.43987 | I30: 2018-11-28 21:17:46 | J30: OFF0008 | K30: David | L30: Moore | M30: 3817 | N30: SUS00378 | O30: Sarah | P30: White | Q30: 31 | R30: F | S30: White | T30: VIC00734 | U30: Carol | V30: Wright | W30: 69 | X30: MALE | Y30: 486-955-5798 | Z30: Gun | AA30: 2 | AB30: Investgation | AC30: Arres Made | AD30: 2 | AE30: 29148.65 | AF30: NO
A31: INC001824 | B31: Trespass | C31: West | D31: Fairview | E31: PA | F31: 2876 River Rd | G31: 29.118935 | H31: -89.958829 | I31: 2019-07-14 02:11:20 | J31: OFF0069 | K31: John | L31: Anderson | M31: 2450 | N31: SUS00248 | O31: Ashley | P31: Johnson | Q31: 20 | R31: MALE | S31: Other | T31: VIC00621 | U31: Joseph | V31: Brown | W31: 36 | Y31: 917-543-5246 | Z31: Blunt Object | AA31: High | AB31: closed | AD31: 0 | AE31: 25983.21 | AF31: NO
A32: INC003739 | B32: Larceny | C32: East | D32: Springfield | E32: NC | F32: 6343 Sunset Blvd | G32: 44.749794 | H32: -73.947406 | I32: 2021-07-18 12:36:42 | J32: OFF0031 | K32: MICHELLE | L32: Martin | M32: 9056 | N32: SUS00344 | O32: Ashley | P32: Moore | Q32: 63 | R32: Male | S32: hispanic | T32: VIC00171 | U32: Daniel | V32: Taylor | W32: 43 | X32: male | AB32: Investgation | AC32: Warning Issued | AD32: 4 | AE32: 41970.69 | AF32: 0
A33: INC004507 | B33: arson | C33: West | D33: Maplewood | E33: NC | F33: 3637 Sunset Blvd | H33: -71.382964 | I33: 2020-06-19 16:28:10 | J33: OFF0129 | K33: Sarah | L33: Torres | M33: 9283 | N33: SUS00485 | O33: Susan | P33: Young | Q33: 42 | R33: f | S33: white | T33: VIC00335 | U33: Charles | V33: Martin | W33: 39 | X33: MALE | Y33: 983-275-9311 | Z33: Rifle | AB33: open | AC33: Arrest Made | AD33: 4 | AE33: 9134.49 | AF33: yes | AG33: Incident at 3637 Sunset Blvd. Officer responded at scene.
A34: INC002064 | B34: HOMICIDE | C34: Central | D34: Lakewood | E34: NC | F34: 4740 Washington Ave | G34: 44.042164 | I34: 2021-07-15 16:16:52 | J34: OFF0062 | K34: Donna | L34: Moore | M34: 3585 | N34: SUS00784 | O34: Joseph | P34: Jones | Q34: 32 | R34: male | S34: hispanic | T34: VIC00095 | U34: James | V34: Martin | W34: 33 | X34: f | Y34: 769-824-7668 | Z34: Bat | AA34: Critical | AC34: No Arrest | AD34: 4 | AE34: 42488.18 | AF34: yes | AG34: Incident at 4740 Washington Ave. Officer responded at scene.
A35: INC000769 | B35: Domestc Violence | C35: Wes | D35: Lakewood | E35: TX | F35: 2829 Main St | G35: 37.746236 | H35: -75.794667 | I35: 2020-04-01 01:39:34 | J35: OFF0141 | K35: Barbara | L35: Jones | M35: 7093 | N35: SUS00038 | O35: Nancy | P35: Thomas | Q35: 63 | R35: F | T35: VIC00620 | U35: Matthew | V35: White | W35: 74 | X35: female | Y35: 367-133-2010 | Z35: Blunt Object | AA35: low | AB35: Closed | AD35: 2 | AE35: 6820.75 | AF35: 1
A36: INC000900 | B36: Tresspassing | C36: Sou | D36: Oakdale | E36: FL | F36: 9483 Park Rd | G36: 26.435438 | I36: 2023-07-11 10:36:57 | J36: OFF0097 | K36: Patricia | L36: Anderson | M36: 1920 | T36: VIC00863 | U36: Richard | V36: Brown | W36: 60 | X36: Unknown | Y36: (255) -32-5-8101 | AA36: Low | AB36: closed | AC36: Arres Made | AD36: 0 | AE36: 13459.71 | AF36: No | AG36: Incident at 9483 Park Rd. Officer responded at scene.
A37: INC001193 | B37: TRESPASSING | C37: north | D37: Lakewood | E37: OH | F37: 4072 Oak Ave | G37: 40.228054 | H37: -75.920794 | I37: 2019-07-28 16:30:31 | J37: OFF0122 | K37: Jennifer | L37: Anderson | N37: SUS00293 | O37: Charles | P37: Torres | Q37: 38 | R37: M | S37: Unknown | T37: VIC00013 | U37: James | V37: White | W37: 83 | X37: M | Z37: hands | AA37: 2 | AB37: open | AC37: warning | AD37: 3 | AE37: 7425.53 | AF37: False | AG37: Incident at 4072 Oak Ave. Officer responded at scene.
A38: INC004887 | B38: Cybercrime | C38: Nor | D38: Riverside | E38: GA | F38: 1646 Oak Ave | G38: 34.412742 | H38: -85.854041 | I38: 2024-01-29 18:13:58 | J38: OFF0028 | K38: Daniel | L38: Flores | M38: 8763 | N38: SUS00238 | O38: Joseph | P38: Moore | Q38: 50 | S38: Hispanic | T38: VIC00699 | U38: Daniel | V38: Nguyen | W38: 17 | X38: Female | Y38: 624-369-6990 | AB38: Open | AC38: warning | AE38: 14830.28 | AF38: no | AG38: Incident at 1646 Oak Ave. Officer responded at scene.
A39: INC000015 | B39: asslt | C39: WEST | D39: Riverside | E39: GA | F39: 3034 Park Rd | G39: 29.976847 | H39: -96.821673 | I39: 2024-03-01 04:58:24 | J39: OFF0135 | K39: Nancy | L39: Moore | M39: 2647 | N39: SUS00199 | O39: Susan | P39: Garcia | Q39: 34 | R39: Male | T39: VIC00547 | U39: Mary | V39: Johnson | W39: 80 | X39: female | Y39: 914-229-9042 | Z39: Hands/Feet | AA39: 3 | AB39: Open | AC39: Arres Made | AD39: 2 | AE39: 23469.85 | AF39: 0 | AG39: Incident at 3034 Park Rd. Officer responded at scene.
A40: INC002728 | B40: BURGLARY | C40: west | D40: Oakdale | E40: PA | F40: 6010 Cedar Lane | G40: 38.426433 | H40: -119.11343 | I40: 2020-04-16 08:11:15 | J40: OFF0132 | K40: William | L40: Scott | M40: 5151 | N40: SUS00293 | O40: Michael | P40: Allen | Q40: 35 | R40: male | S40: Other | T40: VIC00765 | U40: Barbara | V40: Green | X40: MALE | Y40: 305-811-4555 | AA40: Low | AB40: Resolved | AD40: 0 | AE40: 3381.3 | AF40: 1 | AG40: Incident at 6010 Cedar Lane. Officer responded at scene.
A41: INC004684 | B41: HOMICIDE | C41: Northeast | D41: Maplewood | E41: GA | F41: 6859 Oak Ave | G41: 34.916346 | H41: -83.935027 | I41: 2020-09-09 11:34:44 | J41: OFF0078 | K41: Emily | L41: Jackson | M41: 3050 | N41: SUS00546 | O41: Carol | P41: Johnson | Q41: 21 | R41: m | S41: hispanic | T41: VIC00905 | U41: Robert | V41: Johnson | W41: 21 | X41: female | Y41: 548-542-9323 | Z41: Blunt Object | AA41: low | AB41: Open | AC41: NO ARREST | AD41: 4 | AE41: 21921.32 | AF41: yes | AG41: Incident at 6859 Oak Ave. Officer responded at scene.
A42: INC002900 | B42: ARSON | C42: SOUTHWEST | D42: Springfield | E42: GA | F42: 5328 Elm Blvd | G42: 39.803413 | H42: -103.31758 | I42: 2022-06-14 08:43:36 | J42: OFF0101 | K42: Barbara | L42: Green | M42: 4082 | N42: SUS00527 | O42: Jessica | P42: Moore | Q42: 34 | R42: MALE | T42: VIC00501 | U42: Jessica | V42: Johnson | W42: 36 | Y42: 554-518-5824 | Z42: Hands/Feet | AA42: 1 | AB42: open | AC42: NO ARREST | AE42: 22890.42 | AF42: yes | AG42: Incident at 5328 Elm Blvd. Officer responded at scene.
A43: INC000244 | B43: trespassing | C43: East | D43: Oakdale | E43: TX | F43: 919 Sunset Blvd | G43: 39.661998 | H43: -118.75907 | J43: OFF0140 | K43: William | L43: Hill | M43: 4181 | N43: SUS00671 | O43: James | P43: Taylor | Q43: 68 | S43: white | T43: VIC00920 | U43: Mark | V43: Young | W43: 56 | X43: FEMALE | Y43: 214-780-7605 | AA43: 3 | AD43: 0 | AE43: 3247.75 | AF43: True
A44: INC000317 | B44: Hacking | C44: Southwest | D44: Maplewood | E44: NC | F44: 839 Sunset Blvd | G44: 47.743973 | H44: 61.9776 | I44: 2023-08-17 13:15:02 | J44: OFF0142 | K44: Barbara | L44: Scott | M44: 2898 | N44: SUS00241 | O44: Richard | P44: Thompson | Q44: 61 | R44: M | S44: Hispanic | T44: VIC00559 | U44: James | V44: Hall | W44: 64 | X44: Female | Y44: 536-762-5023 | Z44: Unarmed | AA44: Low | AB44: Closed | AC44: Warning Issued | AD44: 5 | AE44: 36550.83 | AF44: yes | AG44: Incident at 839 Sunset Blvd. Officer responded at scene.
A45: INC003964 | B45: ARSON | C45: Sou | D45: Springfield | E45: GA | F45: 4240 Cedar Lane | G45: 163.9564 | I45: 2019-01-06 00:57:12 | J45: OFF0150 | K45: Patricia | L45: Torres | M45: 6755 | N45: SUS00018 | O45: Joseph | P45: Flores | Q45: 15 | R45: FEMALE | S45: Unknown | T45: VIC00946 | U45: Robert | V45: Green | W45: 46 | X45: m | Y45: 899-764-3953 | Z45: KNIFE | AA45: 1 | AB45: Pendng | AC45: Dismissed | AD45: 4 | AE45: 891.23 | AF45: 1 | AG45: Incident at 4240 Cedar Lane. Officer responded at scene.
A46: INC002377 | B46: Trespassing | C46: West | D46: Maplewood | E46: NC | F46: 5442 Lincoln St | G46: 34.234368 | H46: -86.65302 | I46: 2024-08-31 09:30:47 | J46: OFF0075 | K46: Linda | L46: Jones | M46: 5568 | N46: SUS00313 | O46: Charles | P46: Anderson | Q46: 52 | R46: F | S46: hispanic | T46: VIC00457 | U46: Jessica | V46: Brown | W46: -65 | X46: f | Z46: KNIFE | AA46: 2 | AB46: Closed | AD46: 2 | AE46: 35446.9.0 | AF46: No | AG46: Incident at 5442 Lincoln St. Officer responded at scene.
A47: INC000950 | B47: ASSAULT | C47: Southwest | D47: Springfield | E47: NY | F47: 438 Lincoln St | G47: 37.308371 | H47: 85.9617 | I47: 2018-09-18 12:05:55 | J47: OFF0134 | K47: Michael | L47: Wilson | M47: 4277 | N47: SUS00281 | O47: Michael | P47: Jackson | R47: M | S47: BLACK | T47: VIC00541 | U47: Carol | V47: Martin | W47: 73 | X47: MALE | Y47: 830-744-5076 | Z47: Gun | AA47: CRITICAL | AB47: Under Investigation | AD47: -5 | AE47: 13029.45 | AF47: 1 | AG47: Incident at 438 Lincoln St. Officer responded at scene.
A48: INC001130 | B48: Homicide | C48: North | D48: Centerville | E48: AZ | F48: 7801 Maple Dr | G48: 26.778073 | H48: -119.1949 | I48: 2018-05-24 15:58:33 | J48: OFF0053 | K48: Jennifer | L48: Garcia | M48: 8060 | N48: SUS00028 | O48: Barbara | P48: Scott | Q48: 70 | R48: MALE | S48: asian | T48: VIC00765 | U48: Jennifer | V48: Jackson | W48: 69 | X48: female | Y48: 744-417-7917 | Z48: hands | AB48: Pending | AC48: No Arrest | AD48: 0 | AE48: 40852.02 | AF48: no
A49: INC000482 | B49: Narcotics | C49: South | D49: Hillcrest | E49: NY | F49: 5281 Lincoln St | G49: 36.382612 | H49: -89.385534 | I49: 2022-10-05 12:16:39 | J49: OFF0118 | K49: Richard | L49: Thompson | M49: 1113 | N49: SUS00384 | O49: Mary | P49: Scott | Q49: 26 | R49: male | T49: VIC00711 | U49: Sarah | V49: Torres | W49: 21 | X49: FEMALE | Y49: 471-350-1097 | Z49: Hands/Feet | AA49: Crit | AB49: Under Investigation | AC49: Warning Issued | AD49: 0 | AE49: 30173.5 | AF49: 1 | AG49: Incident at 5281 Lincoln St. Officer responded at scene.
A50: INC003956 | B50: Sexual Assualt | C50: Midtown | D50: Lakewood | E50: NY | F50: 5620 Elm Blvd | G50: 35.355585 | H50: -90.877583 | I50: 2018-12-03 18:49:17 | J50: OFF0057 | K50: Ashley | L50: Hill | M50: 8927 | N50: SUS00497 | O50: Anthony | P50: Jackson | Q50: 66 | R50: FEMALE | S50: Other | T50: VIC00090 | U50: Barbara | V50: Thompson | W50: 39 | X50: Male | Y50: 377-347-5641 | Z50: Firearm | AA50: 1 | AB50: Resolved | AC50: Arrest Made | AD50: 2 | AE50: 33823.25 | AF50: NO
A51: INC004230 | B51: Fire Setting | C51: Sou | D51: Maplewood | E51: GA | F51: 5167 Cedar Lane | G51: 27.148476 | H51: -80.946078 | I51: 11/15/2020 19:01 | J51: OFF0117 | K51: Matthew | L51: Williams | M51: 8890 | T51: VIC00677 | U51: Mark | V51: Martin | W51: 23 | Y51: 329-872-7137 | Z51: Firearm | AB51: Under Investigation | AC51: Warning Issued | AD51: 3 | AF51: 0 | AG51: Incident at 5167 Cedar Lane. Officer responded at scene.
A52: INC000567 | B52: Drug Offence | C52: Midtown | D52: Maplewood | E52: TX | F52: 2799 Washington Ave | G52: 47.521741 | H52: -104.82481 | I52: 2024-11-14 06:49:42 | J52: OFF0133 | K52: Anthony | L52: Flores | M52: 2812 | N52: SUS00386 | O52: Matthew | P52: Lee | Q52: 26 | R52: male | S52: asian | T52: VIC00211 | U52: Patricia | V52: Young | W52: 38 | X52: female | Y52: 745-880-2502 | Z52: Knife | AA52: 1 | AB52: Open | AC52: Case Dismissed | AD52: 4 | AE52: 3251.53 | AF52: YES | AG52: Incident at 2799 Washington Ave. Officer responded at scene.
A53: INC002306 | B53: Graffiti | C53: Southeast | D53: Riverside | E53: IL | F53: 3774 Lincoln St | G53: 31.024657 | H53: -104.66661 | I53: 2022-02-11 08:30:08 | J53: OFF0128 | K53: Chris | L53: Anderson | M53: 2414 | N53: SUS00223 | O53: Chris | P53: Allen | Q53: 26 | R53: f | S53: Unknown | T53: VIC00881 | U53: Barbara | V53: Moore | X53: Unknown | Y53: 439-356-6312 | Z53: hands | AA53: 2 | AB53: open | AC53: Warning Issued | AF53: 1 | AG53: Incident at 3774 Lincoln St. Officer responded at scene.
A54: INC000867 | B54: BURGLARY | C54: North | D54: Oakdale | E54: NC | F54: 1212 Maple Dr | G54: 34.82311 | H54: -97.225538 | I54: 2018-07-12 13:26:43 | J54: OFF0123 | K54: Nancy | L54: Martin | M54: 3325 | Z54: Blunt Object | AA54: Critical | AB54: Pending | AD54: 5 | AE54: 28975.86 | AF54: yes | AG54: Incident at 1212 Maple Dr. Officer responded at scene.
A55: INC003546 | B55: theft/larceny | C55: Midtown | D55: Centerville | E55: FL | F55: 921 Cedar Lane | G55: 42.814437 | H55: -88.038978 | I55: 2023-05-18 06:27:40 | J55: OFF0015 | K55: David | L55: Scott | M55: 1379 | N55: SUS00575 | O55: Mark | P55: Jones | Q55: 44 | R55: Unknown | T55: VIC00332 | U55: Nancy | V55: Allen | W55: 74 | X55: FEMALE | Y55: 351-423-8351 | Z55: Rifle | AB55: Under Investigation | AC55: Warning Issued | AE55: 25250.59 | AF55: NO | AG55: Incident at 921 Cedar Lane. Officer responded at scene.
A56: INC000650 | B56: THEFT | C56: South | D56: Riverside | E56: CA | F56: 3567 Washington Ave | G56: 45.744 | H56: -117.20343 | I56: 2018-12-24 18:19:04 | J56: OFF0130 | K56: donna | L56: Scott | M56: 8850 | T56: VIC00833 | U56: Patricia | V56: Davis | W56: 36 | X56: m | Y56: 362-123-5079 | Z56: hands | AA56: 2 | AB56: OPEN | AC56: Arres Made | AD56: 2 | AE56: 21492.87 | AF56: 0
A57: INC004001 | B57: Trespass | C57: CENTRAL | D57: Hillcrest | E57: NY | F57: 7883 Park Rd | G57: 26.183893 | H57: -116.92216 | I57: 2024-02-05 17:11:19 | J57: OFF0003 | K57: William | L57: Taylor | M57: 4897 | N57: SUS00280 | O57: Thomas | P57: Hall | Q57: 72 | R57: m | S57: Hispanic | T57: VIC00993 | U57: Richard | V57: Nguyen | W57: 19 | X57: Male | Y57: 828-228-1575 | Z57: Hands/Feet | AA57: High | AB57: Pending | AD57: 4 | AE57: 33414.71 | AF57: True | AG57: Incident at 7883 Park Rd. Officer responded at scene.
A58: INC004659 | B58: ARSON | C58: North | D58: Lakewood | E58: FL | F58: 5915 Main St | G58: 25.750817 | H58: -98.651542 | I58: 2022-12-09 13:43:53 | J58: OFF0025 | K58: jennifer | L58: Young | N58: SUS00514 | O58: William | P58: Torres | Q58: 41 | R58: male | S58: white | T58: VIC00812 | U58: Charles | V58: Moore | W58: 78 | X58: MALE | Y58: 378-722-4095 | AA58: Medium | AB58: Investgation | AD58: 4 | AE58: 42965.02 | AF58: 1 | AG58: Incident at 5915 Main St. Officer responded at scene.
A59: INC002962 | B59: Abduction | C59: West | D59: Oakdale | E59: OH | F59: 237 Maple Dr | G59: 47.353581 | H59: -109.76991 | I59: 2018-06-15 20:50:57 | J59: OFF0059 | K59: Carol | L59: Brown | M59: 9011 | N59: SUS00671 | O59: Matthew | P59: Davis | Q59: 17 | R59: male | S59: Asian | T59: VIC00142 | U59: Jessica | V59: Nguyen | W59: 21 | X59: f | Y59: 5109132226 | AA59: Crit | AD59: 5 | AE59: 8345.88 | AF59: 1 | AG59: Incident at 237 Maple Dr. Officer responded at scene.
A60: INC000403 | B60: Drunk Driving | C60: MIDTOWN | D60: Riverside | E60: NY | F60: 2584 Oak Ave | G60: 47.248778 | H60: -70.119269 | I60: 2024-06-20 00:15:36 | J60: OFF0147 | K60: Joseph | L60: Jones | M60: 2002 | N60: SUS00708 | O60: Michelle | P60: Harris | Q60: 63 | R60: Male | S60: hispanic | T60: VIC00335 | U60: Michelle | V60: Martin | W60: -54 | X60: male | Y60: 493-745-7763 | Z60: Rifle | AA60: MEDIUM | AB60: CLOSED | AC60: Arres Made | AD60: 1 | AE60: 42957.18 | AF60: yes
A61: INC000529 | B61: DUII | C61: north | D61: Fairview | E61: FL | F61: 8485 Maple Dr | H61: -99.823607 | I61: 2020-01-12 03:48:48 | J61: OFF0002 | K61: Donna | L61: Thompson | M61: 8653 | N61: SUS00196 | O61: James | P61: Thompson | Q61: 73 | R61: Unknown | S61: hispanic | T61: VIC00129 | U61: Anthony | V61: Smith | W61: 68 | X61: m | Y61: 429-668-3734 | Z61: Unarmed | AA61: 2 | AB61: CLOSED | AC61: warning | AE61: 45992.69 | AF61: No
A62: INC003033 | B62: Cybercrime | C62: Northeast | D62: Riverside | E62: CA | F62: 3853 Maple Dr | G62: 47.486281 | H62: -84.4065 | I62: 2019-09-27 21:25:33 | J62: OFF0100 | K62: Linda | L62: Taylor | M62: 5319 | N62: SUS00768 | O62: Carol | P62: White | Q62: 50 | R62: FEMALE | S62: asian | T62: VIC00499 | U62: Ashley | V62: Jackson | W62: 10 | X62: f | Y62: 682-660-7304 | Z62: KNIFE | AA62: low | AB62: OPEN | AC62: arrest made | AD62: 2 | AE62: 39258.03 | AF62: Yes | AG62: Incident at 3853 Maple Dr. Officer responded at scene.
A63: INC001611 | B63: Fraud | C63: Northeast | D63: Riverside | E63: CA | F63: 1869 Cedar Lane | G63: 32.361281 | H63: -74.194224 | I63: 2021-10-08 11:52:48 | J63: OFF0027 | K63: Joseph | L63: Hall | M63: 4323 | T63: VIC00193 | U63: Patricia | V63: Green | W63: 18 | X63: male | Y63: 716-975-8295 | Z63: Pistol | AA63: Low | AB63: Resolved | AC63: Case Dismissed | AD63: 0 | AE63: 31832.75 | AF63: 1 | AG63: Incident at 1869 Cedar Lane. Officer responded at scene.
A64: INC003846 | B64: Homicide | C64: Southwest | D64: Lakewood | E64: NC | F64: 5327 Main St | G64: 37.225832 | H64: -106.45141 | I64: 2020-07-17 10:10:56 | J64: OFF0017 | K64: John | L64: Jackson | M64: 8968 | T64: VIC00874 | U64: Joseph | V64: Williams | W64: 49 | X64: female | Y64: 5515284227 | Z64: blunt object | AA64: CRITICAL | AB64: OPEN | AC64: NO ARREST | AD64: 1 | AE64: 14314.61 | AF64: Yes | AG64: Incident at 5327 Main St. Officer responded at scene.
A65: INC002810 | B65: manslaughter | C65: Northeast | D65: Lakewood | E65: OH | F65: 8729 Sunset Blvd | H65: -115.68699 | I65: 2020-08-17 09:51:32 | J65: OFF0095 | K65: Chris | L65: Martin | M65: 5581 | T65: VIC00253 | U65: David | V65: Moore | W65: 90 | X65: f | Y65: 678-388-7476 | Z65: Pistol | AA65: CRITICAL | AB65: under investigation | AC65: No Arrest | AD65: 3 | AE65: 38587.52 | AF65: True | AG65: Incident at 8729 Sunset Blvd. Officer responded at scene.
A66: INC003225 | B66: Robbry | C66: southwest | D66: Lakewood | E66: CA | F66: 3401 Washington Ave | G66: 40.068917 | H66: -97.577698 | I66: 2019-10-29 17:10:36 | J66: OFF0113 | K66: James | L66: Thomas | M66: 3272 | N66: SUS00332 | O66: Robert | P66: Thompson | Q66: 22 | Z66: Unarmed | AA66: low | AC66: No Arrest | AD66: 3 | AE66: 24950.43 | AF66: Yes
A67: INC003580 | B67: vandalism | C67: Southwest | D67: Fairview | E67: OH | F67: 3642 River Rd | G67: 37.02668 | H67: -70.788066 | I67: 11-10-2019 | J67: OFF0074 | K67: Charles | L67: Wright | M67: 5870 | N67: SUS00788 | O67: Emily | P67: Scott | Q67: 39 | R67: Other | S67: white | Z67: Firearm | AA67: Med | AB67: Investgation | AC67: NO ARREST | AD67: 0 | AE67: 39046.99 | AF67: NO | AG67: Incident at 3642 River Rd. Officer responded at scene.
A68: INC001075 | B68: Vandlism | C68: East | D68: Fairview | E68: TX | F68: 7867 Maple Dr | G68: 47.644934 | H68: -83.933901 | I68: 2022-03-04 10:09:10 | J68: OFF0146 | K68: Jessica | L68: Davis | M68: 2313 | T68: VIC00704 | U68: Michelle | V68: Wright | W68: 45 | X68: Unknown | Y68: 598-936-2315 | AA68: 1 | AD68: 2 | AE68: 4603.23 | AF68: 1 | AG68: Incident at 7867 Maple Dr. Officer responded at scene.
A69: INC002803 | B69: Vandlism | C69: NORTHWEST | D69: Springfield | E69: FL | F69: 3987 River Rd | G69: 35.603016 | H69: -74.325311 | I69: 2023-02-25 05:49:29 | J69: OFF0066 | K69: Carol | L69: Torres | M69: 9588 | T69: VIC00258 | U69: Linda | V69: Anderson | W69: 90 | X69: M | Y69: 328-295-4128 | Z69: Firearm | AA69: Low | AB69: Closed | AC69: Case Dismissed | AD69: 5 | AE69: 18814.07 | AF69: False
A70: INC004842 | B70: Sexual Assualt | C70: southwest | D70: Lakewood | E70: NC | F70: 2154 Main St | G70: 39.038353 | H70: -112.62934 | I70: 2022-04-18 08:01:12 | J70: OFF0042 | K70: Mark | L70: Thomas | N70: SUS00580 | O70: Karen | P70: Johnson | Q70: 72 | R70: Female | S70: White | T70: VIC00979 | U70: Linda | V70: Anderson | W70: 78 | X70: Male | Y70: 384-738-2609 | Z70: Unarmed | AA70: 4 | AB70: Closed | AC70: Dismissed | AD70: 5 | AF70: 1 | AG70: Incident at 2154 Main St. Officer responded at scene.
A71: INC000028 | B71: FRAUD | C71: northeast | D71: Fairview | E71: FL | F71: 1252 Washington Ave | G71: 39.564167 | H71: 68.4369 | I71: 2019-08-26 10:30:28 | J71: OFF0090 | K71: Susan | L71: Wright | M71: 3419 | T71: VIC00263 | U71: Nancy | V71: Jones | W71: 19 | X71: Other | Y71: 991-743-9095 | AA71: 2 | AB71: Resolved | AC71: Arres Made | AD71: 3 | AE71: 34056.67 | AF71: False | AG71: Incident at 1252 Washington Ave. Officer responded at scene.
A72: INC000495 | B72: Fire Setting | C72: Central | D72: Centerville | E72: CA | F72: 3975 Maple Dr | G72: 26.017491 | I72: 2021-11-30 22:06:21 | J72: OFF0131 | K72: Nancy | L72: Jackson | M72: 9496 | N72: SUS00748 | O72: Michael | P72: Taylor | Q72: 37 | S72: hispanic | T72: VIC00014 | U72: Joseph | V72: Davis | W72: 22 | X72: m | Y72: 374-960-4572 | Z72: Hands/Feet | AA72: MEDIUM | AB72: closed | AC72: arrest made | AD72: 5 | AE72: 2135.4 | AF72: NO | AG72: Incident at 3975 Maple Dr. Officer responded at scene.
A73: INC000788 | B73: Burglary | C73: West | D73: Fairview | E73: IL | F73: 2062 Washington Ave | G73: 39.660225 | H73: -87.953205 | I73: 2024-01-15 01:03:50 | J73: OFF0045 | K73: susan | L73: Walker | M73: 2110 | T73: VIC00925 | U73: Mary | V73: Miller | W73: 55 | X73: Unknown | Y73: 5079801235 | Z73: Gun | AA73: High | AC73: Arres Made | AD73: 2 | AE73: 3152.67 | AF73: yes | AG73: Incident at 2062 Washington Ave. Officer responded at scene.
A74: INC001664 | B74: VANDALISM | C74: South | D74: Oakdale | E74: TX | F74: 912 River Rd | G74: 32.954956 | H74: -105.69178 | I74: 2018-10-19 14:21:21 | J74: OFF0056 | K74: Thomas | L74: Jones | M74: 3800 | N74: SUS00169 | O74: Nancy | P74: Scott | Q74: 27 | R74: F | S74: white | T74: VIC00524 | U74: Anthony | V74: Wilson | W74: 88 | X74: Unknown | Z74: Pistol | AA74: High | AB74: Open | AD74: 4 | AE74: 27245.81 | AF74: NO
A75: INC001691 | B75: Burglary | C75: SOUTHEAST | D75: Centerville | E75: CA | F75: 4356 River Rd | G75: 31.325604 | H75: -86.792666 | I75: 2023-09-14 21:53:45 | J75: OFF0119 | K75: John | L75: Flores | M75: 6210 | N75: SUS00216 | O75: Michael | P75: Harris | Q75: 41 | R75: male | S75: Unknown | T75: VIC00115 | U75: William | V75: Torres | W75: 74 | X75: Female | Y75: 9345188511 | Z75: hands | AA75: Critical | AB75: Closed | AC75: Warning Issued | AD75: 0 | AE75: 36801.45 | AF75: yes | AG75: Incident at 4356 River Rd. Officer responded at scene.
A76: INC002005 | B76: Drug Offence | C76: Nor | D76: Riverside | E76: AZ | F76: 7062 Main St | G76: 37.726638 | H76: -87.455628 | I76: 2022-01-11 18:42:34 | J76: OFF0073 | K76: Anthony | L76: Nguyen | M76: 7616 | N76: SUS00421 | O76: Daniel | P76: Brown | R76: Male | S76: Asian | T76: VIC00025 | U76: Donna | V76: Anderson | W76: 59 | X76: Other | Y76: 8442802406 | Z76: KNIFE | AA76: 4 | AB76: closed | AC76: Arrest Made | AD76: 3 | AE76: 13173.14 | AF76: yes | AG76: Incident at 7062 Main St. Officer responded at scene.
A77: INC003053 | B77: Drunk Driving | C77: North | D77: Springfield | E77: GA | F77: 463 Cedar Lane | G77: 29.529052 | H77: -81.066666 | I77: 2021-05-12 13:40:27 | J77: OFF0086 | K77: Mark | L77: Jones | M77: 3148 | N77: SUS00495 | O77: Charles | P77: Hill | Q77: 47 | R77: f | S77: asian | Z77: Rifle | AB77: Resolved | AC77: Arrest Made | AD77: 4 | AE77: 46590.53 | AF77: False | AG77: Incident at 463 Cedar Lane. Officer responded at scene.
A78: INC000531 | B78: Sexual Assault | C78: central | D78: Springfield | E78: AZ | F78: 349 Maple Dr | G78: 40.945427 | H78: -97.131481 | I78: 2020-01-26 17:47:08 | J78: OFF0108 | K78: Mary | L78: Scott | M78: 2868 | N78: SUS00343 | O78: Chris | P78: Young | Q78: 22 | R78: Female | S78: white | T78: VIC00039 | U78: Patricia | V78: Johnson | W78: 18 | X78: F | Y78: 925-948-3480 | AA78: Low | AB78: Open | AC78: Dismissed | AD78: 0 | AE78: 6727.52 | AF78: NO | AG78: Incident at 349 Maple Dr. Officer responded at scene.
A79: INC002685 | B79: Arsen | C79: CENTRAL | D79: Lakewood | E79: TX | F79: 2165 Park Rd | G79: 47.065243 | H79: -88.892191 | I79: 2022-11-08 21:06:58 | J79: OFF0065 | K79: Patricia | L79: Thompson | M79: 9431 | N79: SUS00314 | O79: Linda | P79: Hall | Q79: 57 | R79: Female | S79: Black | T79: VIC00032 | U79: Michelle | V79: Young | W79: 59 | Y79: 727-345-9459 | Z79: Firearm | AC79: Arres Made | AD79: 0 | AE79: 14948.62 | AF79: yes | AG79: Incident at 2165 Park Rd. Officer responded at scene.
A80: INC000527 | B80: Sexual Assualt | C80: North | D80: Oakdale | E80: GA | F80: 5207 River Rd | G80: 31.482141 | H80: -116.28053 | I80: 09-12-2024 | J80: OFF0116 | K80: Karen | L80: Wilson | M80: 1591 | N80: SUS00094 | O80: Nancy | P80: Johnson | Q80: 24 | R80: MALE | S80: Unknown | T80: VIC00106 | U80: Nancy | V80: Martin | W80: 287 | Y80: 920-309-8925 | Z80: Hands/Feet | AA80: high | AB80: Closed | AC80: No Arrest | AD80: 2 | AE80: 25797.84 | AF80: 1 | AG80: Incident at 5207 River Rd. Officer responded at scene.
A81: INC002394 | B81: Drunk Driving | C81: Nor | D81: Centerville | E81: NY | F81: 6051 Maple Dr | H81: -102.88935 | J81: OFF0060 | K81: Jennifer | L81: Green | M81: 8180 | T81: VIC00204 | U81: Barbara | V81: Jones | X81: male | Y81: 331-150-7701 | Z81: Knife | AA81: high | AB81: under investigation | AC81: NO ARREST | AD81: 0 | AE81: 49665.1 | AF81: True | AG81: Incident at 6051 Maple Dr. Officer responded at scene.
A82: INC003962 | B82: Murder | C82: Southeast | D82: Oakdale | E82: NC | F82: 5641 River Rd | G82: 26.082207 | H82: -91.941329 | J82: OFF0050 | K82: Michael | L82: Davis | M82: 2667 | N82: SUS00128 | O82: David | P82: Walker | Q82: 39 | R82: F | T82: VIC00781 | U82: Michael | V82: White | W82: 32 | X82: m | Y82: 944-846-7596 | Z82: Blunt Object | AA82: CRITICAL | AB82: OPEN | AC82: warning | AD82: 1 | AE82: 30983.34 | AF82: False | AG82: Incident at 5641 River Rd. Officer responded at scene.
A83: INC000888 | B83: Kidnaping | C83: Northwest | D83: Lakewood | E83: FL | F83: 5868 Cedar Lane | G83: 34.733729 | J83: OFF0048 | K83: CHARLES | L83: Jackson | M83: 8057 | T83: VIC00370 | U83: Sarah | V83: Wilson | W83: -80 | X83: Male | Y83: 772-419-4289 | Z83: Unarmed | AB83: Closed | AD83: 4 | AE83: 8046.58 | AF83: yes | AG83: Incident at 5868 Cedar Lane. Officer responded at scene.
A84: INC000439 | B84: DRUG OFFENSE | C84: Midtown | D84: Maplewood | E84: PA | F84: 1875 Main St | G84: 26.399142 | H84: -90.716018 | I84: 2019-11-12 14:32:29 | J84: OFF0015 | K84: William | L84: Jackson | M84: 7691 | T84: VIC00131 | U84: Thomas | V84: Jones | W84: 68 | X84: Female | Y84: 230-191-3879 | Z84: KNIFE | AA84: 4 | AB84: Under Investigation | AC84: Arres Made | AD84: 5 | AE84: 49510.26 | AG84: Incident at 1875 Main St. Officer responded at scene.
A85: INC002346 | B85: Assault | C85: Midtown | D85: Riverside | E85: AZ | F85: 6633 Elm Blvd | G85: 40.773951 | H85: -88.606454 | I85: 2024-02-21 07:52:34 | J85: OFF0122 | K85: Carol | L85: Martin | M85: 4007 | T85: VIC00097 | U85: Anthony | V85: Lee | W85: 21 | X85: Unknown | AA85: 2 | AB85: Pendng | AC85: Dismissed | AD85: 2 | AE85: 5498.74 | AF85: YES | AG85: Incident at 6633 Elm Blvd. Officer responded at scene.
A86: INC003014 | B86: THEFT | C86: North | D86: Fairview | E86: NY | F86: 7366 River Rd | G86: 26.572662 | H86: -103.69743 | I86: 15-06-2024 | J86: OFF0115 | K86: Thomas | L86: Garcia | M86: 6558 | N86: SUS00690 | O86: Emily | P86: Miller | Q86: 34 | R86: Other | T86: VIC00457 | U86: Daniel | V86: Flores | W86: -33 | Y86: 714-232-7500 | Z86: Rifle | AA86: Low | AB86: Resolved | AC86: arrest made | AD86: -1 | AE86: 31443.55 | AF86: NO
A87: INC001740 | B87: robbery | C87: Southwest | D87: Lakewood | E87: IL | F87: 4273 Park Rd | G87: 30.146686 | H87: -98.621279 | I87: 2020-08-15 18:47:11 | J87: OFF0146 | K87: Carol | L87: Anderson | M87: 7876 | N87: SUS00519 | O87: Charles | P87: Jackson | R87: FEMALE | S87: Hispanic | T87: VIC00493 | U87: William | V87: Harris | W87: 15 | X87: MALE | Y87: 342-977-5613 | AA87: High | AB87: closed | AC87: Arres Made | AD87: 4 | AF87: False | AG87: Incident at 4273 Park Rd. Officer responded at scene.
A88: INC003520 | B88: Vandalism | C88: Southwest | D88: Hillcrest | E88: OH | F88: 8811 Lincoln St | G88: 36.104173 | H88: -97.581118 | I88: 2019-09-22 02:05:12 | J88: OFF0126 | K88: Sarah | L88: Scott | M88: 3390 | N88: SUS00303 | O88: Joseph | P88: Walker | Q88: 27 | R88: Female | S88: asian | T88: VIC00147 | U88: Robert | V88: Brown | W88: 41 | X88: f | Y88: 277-571-6907 | Z88: Rifle | AA88: Critical | AB88: Closed | AC88: NO ARREST | AD88: 2 | AE88: 41712.02 | AF88: YES | AG88: Incident at 8811 Lincoln St. Officer responded at scene.
A89: INC002991 | B89: Drug Offence | C89: Nor | D89: Fairview | E89: IL | F89: 764 Cedar Lane | G89: 43.564075 | H89: -85.532807 | I89: 2024-05-24 00:19:50 | J89: OFF0014 | K89: Joseph | L89: Walker | M89: 2959 | T89: VIC00735 | U89: Anthony | V89: Walker | W89: 32 | X89: Male | Y89: 397-791-8191 | Z89: hands | AB89: closed | AC89: Arres Made | AD89: 1 | AE89: 3026.01 | AF89: NO | AG89: Incident at 764 Cedar Lane. Officer responded at scene.
A90: INC002074 | B90: assault | C90: Nor | D90: Maplewood | E90: FL | F90: 6053 River Rd | G90: 30.599985 | H90: -106.30058 | I90: 2024-08-20 15:18:21 | J90: OFF0017 | K90: Jennifer | L90: Brown | M90: 7932 | N90: SUS00722 | O90: Charles | P90: Johnson | Q90: 44 | R90: Unknown | S90: Asian | T90: VIC00595 | U90: Richard | V90: Young | W90: 13 | X90: F | AA90: Med | AB90: CLOSED | AC90: Arrest Made | AD90: 0 | AE90: -43515.93 | AF90: 0 | AG90: Incident at 6053 River Rd. Officer responded at scene.
A91: INC001318 | B91: Fraud | C91: Nor | D91: Fairview | E91: FL | F91: 2541 Cedar Lane | G91: 39.974511 | H91: -117.82701 | I91: 2020-02-10 23:52:14 | J91: OFF0067 | K91: John | L91: Moore | M91: 2703 | N91: SUS00142 | O91: Karen | P91: Young | Q91: 23 | R91: f | S91: BLACK | T91: VIC00379 | U91: Linda | V91: Taylor | W91: 32 | X91: MALE | Y91: 445-649-4353 | AA91: 2 | AB91: under investigation | AC91: Dismissed | AD91: 2 | AE91: 20394.14 | AF91: 1 | AG91: Incident at 2541 Cedar Lane. Officer responded at scene.
A92: INC001434 | B92: KIDNAPPING | C92: Sou | D92: Springfield | E92: OH | F92: 8749 Park Rd | G92: 40.007201 | H92: 64.7478 | I92: 2023-07-06 09:01:28 | J92: OFF0079 | K92: Anthony | L92: Young | M92: 5601 | N92: SUS00251 | O92: Barbara | P92: Harris | Q92: 38 | R92: Male | S92: BLACK | T92: VIC00214 | U92: Karen | V92: Taylor | W92: 36 | X92: Unknown | Y92: 838-980-4015 | Z92: Bat | AA92: 1 | AB92: Pending | AC92: NO ARREST | AD92: 4 | AF92: no | AG92: Incident at 8749 Park Rd. Officer responded at scene.
A93: INC003499 | B93: Sexual Assualt | C93: Northeast | D93: Maplewood | E93: GA | F93: 3550 Main St | G93: 25.292466 | H93: -78.80599 | I93: 2019-12-12 01:27:20 | J93: OFF0125 | K93: Mary | L93: Young | M93: 7163 | N93: SUS00566 | O93: Karen | P93: Brown | Q93: 50 | R93: M | S93: Black | T93: VIC00553 | U93: Sarah | V93: Brown | W93: 56 | X93: male | Y93: 501-943-8143 | Z93: Unarmed | AA93: low | AB93: Under Investigation | AC93: warning | AD93: 1 | AE93: 38981.98 | AF93: yes | AG93: Incident at 3550 Main St. Officer responded at scene.
A94: INC002994 | B94: THEFT | C94: Northwest | D94: Centerville | E94: IL | F94: 9815 Sunset Blvd | G94: 41.722829 | H94: -71.880502 | I94: 2024-07-07 09:07:36 | J94: OFF0139 | K94: Daniel | L94: Davis | M94: 7317 | N94: SUS00285 | O94: Matthew | P94: Martin | Q94: 59 | R94: Other | S94: Other | T94: VIC00522 | U94: Joseph | V94: Johnson | W94: 66 | X94: Unknown | Y94: 622-132-3522 | AA94: High | AC94: warning | AE94: 3776.15 | AF94: True | AG94: Incident at 9815 Sunset Blvd. Officer responded at scene.
A95: INC002823 | B95: trespassing | C95: northwest | D95: Maplewood | E95: NC | F95: 9246 Park Rd | G95: 139.957 | H95: -107.80803 | I95: 2021-03-24 16:41:44 | J95: OFF0142 | K95: Daniel | L95: Young | M95: 4932 | N95: SUS00231 | O95: Michelle | P95: Torres | Q95: 66 | R95: FEMALE | T95: VIC00939 | U95: Michael | V95: Flores | W95: -43 | X95: M | Y95: 233-213-3396 | Z95: Unarmed | AA95: High | AB95: Open | AC95: Arres Made | AD95: 1 | AE95: 47839.91 | AF95: 0
A96: INC001105 | B96: THEFT | C96: West | D96: Centerville | E96: OH | F96: 9017 Sunset Blvd | G96: 29.141633 | H96: -102.87459 | I96: 2021-12-22 11:55:28 | J96: OFF0023 | K96: Sarah | L96: Jones | M96: 1581 | T96: VIC00236 | U96: James | V96: Smith | W96: 157 | X96: f | Y96: 390-444-7271 | AA96: low | AB96: CLOSED | AD96: 0 | AE96: 9542.22 | AF96: no
A97: INC001276 | B97: Cyber Crime | C97: west | D97: Hillcrest | E97: TX | F97: 6693 Lincoln St | G97: 33.572363 | H97: 60.1589 | I97: 2019-02-19 09:49:02 | J97: OFF0063 | K97: Jennifer | L97: Wilson | M97: 7804 | N97: SUS00581 | O97: Susan | P97: Brown | Q97: 41 | R97: Unknown | S97: hispanic | T97: VIC00565 | U97: Michael | V97: Hall | W97: 73 | X97: m | Y97: 684-593-3586 | Z97: Knife | AA97: low | AB97: Pending | AC97: Arres Made | AD97: 3 | AE97: 42807.37 | AF97: True | AG97: Incident at 6693 Lincoln St. Officer responded at scene.
A98: INC001673 | B98: D.U.I. | C98: Sou | D98: Maplewood | E98: NC | F98: 5280 River Rd | G98: 45.294847 | H98: -102.0628 | I98: 2023-08-26 02:50:31 | J98: OFF0086 | K98: Richard | L98: Allen | M98: 7793 | N98: SUS00012 | O98: James | P98: Harris | Q98: 42 | S98: Hispanic | T98: VIC00287 | U98: David | V98: Williams | W98: 40 | Z98: Hands/Feet | AA98: 3 | AB98: Investgation | AC98: Warning Issued | AD98: 3 | AE98: 36625.89 | AF98: YES | AG98: Incident at 5280 River Rd. Officer responded at scene.
A99: INC001518 | B99: Vandlism | C99: central | D99: Hillcrest | E99: OH | F99: 2220 Sunset Blvd | G99: 26.396224 | H99: 83.6101 | I99: 07-02-2022 | J99: OFF0020 | K99: William | L99: Lee | M99: 8841 | N99: SUS00406 | O99: Linda | P99: Thomas | Q99: 54 | R99: Female | S99: hispanic | T99: VIC00906 | U99: Mary | V99: Davis | W99: 263 | X99: female | Y99: 377-286-4714 | Z99: Gun | AA99: Medium | AB99: CLOSED | AF99: yes | AG99: Incident at 2220 Sunset Blvd. Officer responded at scene.
A100: INC004690 | B100: Cybercrime | C100: Sou | D100: Oakdale | E100: AZ | F100: 8690 Cedar Lane | G100: 46.397449 | H100: -113.69721 | I100: 2024-05-26 01:12:29 | J100: OFF0036 | K100: Linda | L100: Jackson | M100: 2630 | N100: SUS00218 | O100: Mark | P100: Jones | Q100: 48 | S100: Other | T100: VIC00058 | U100: Ashley | V100: Walker | X100: Female | Y100: 660-157-2674 | Z100: Pistol | AA100: 3 | AB100: Open | AC100: NO ARREST | AD100: 3 | AE100: 27569.82 | AG100: Incident at 8690 Cedar Lane. Officer responded at scene.
...
